observableId	simulationConditionId	measurement	time
obs_Cb	wt	1.6	0
obs_Cb	wt	0.211049196	10
obs_Cb	wt	0.217567414	20
obs_Cb	wt	0.224988006	30
obs_Cb	wt	0.232330468	40
obs_Cb	wt	0.23985751	50
obs_Cb	wt	0.247947758	60
obs_Cb	wt	0.257194004	70
obs_Cb	wt	0.268657884	80
obs_Cb	wt	0.284593228	90
obs_Cb	wt	0.31105466	100
obs_Cb	wt	0.372138608	110
obs_Cb	wt	0.69382898	120
obs_Cb	wt	1.546691972	130
obs_Cb	wt	1.571722084	140
obs_Cb	wt	1.574259018	150
obs_Cb	wt	1.57511568	160
obs_Cb	wt	1.575468236	170
obs_Cb	wt	1.575624466	180
obs_Cb	wt	1.575695936	190
obs_Cb	wt	1.575729102	200
obs_Cb	wt	1.575744598	210
obs_Cb	wt	1.575751868	220
obs_Cb	wt	1.575755276	230
obs_Cb	wt	1.575756878	240
obs_Cb	wt	1.57575763	250
obs_Cb	wt	1.575757984	260
obs_Cb	wt	1.575758148	270
obs_Cb	wt	1.575758226	280
obs_Cb	wt	1.575758264	290
obs_Cb	wt	1.57575828	300
obs_Gw	wt	1	0
obs_Gw	wt	0.955705378	10
obs_Gw	wt	0.95126367	20
obs_Gw	wt	0.946718642	30
obs_Gw	wt	0.942252047	40
obs_Gw	wt	0.937695359	50
obs_Gw	wt	0.932814277	60
obs_Gw	wt	0.927247087	70
obs_Gw	wt	0.920348536	80
obs_Gw	wt	0.91074403	90
obs_Gw	wt	0.894704164	100
obs_Gw	wt	0.857063611	110
obs_Gw	wt	0.651124991	120
obs_Gw	wt	0.255186336	130
obs_Gw	wt	0.245766907	140
obs_Gw	wt	0.244649281	150
obs_Gw	wt	0.244263193	160
obs_Gw	wt	0.244103014	170
obs_Gw	wt	0.244031792	180
obs_Gw	wt	0.24399916	190
obs_Gw	wt	0.243984006	200
obs_Gw	wt	0.243976925	210
obs_Gw	wt	0.243973602	220
obs_Gw	wt	0.243972043	230
obs_Gw	wt	0.243971311	240
obs_Gw	wt	0.243970967	250
obs_Gw	wt	0.243970806	260
obs_Gw	wt	0.24397073	270
obs_Gw	wt	0.243970695	280
obs_Gw	wt	0.243970678	290
obs_Gw	wt	0.24397067	300
obs_pEnsa	wt	0	0
obs_pEnsa	wt	0.000393835	10
obs_pEnsa	wt	0.000469339	20
obs_pEnsa	wt	0.000547277	30
obs_pEnsa	wt	0.000626849	40
obs_pEnsa	wt	0.000711018	50
obs_pEnsa	wt	0.000804498	60
obs_pEnsa	wt	0.000915309	70
obs_pEnsa	wt	0.001058873	80
obs_pEnsa	wt	0.001270523	90
obs_pEnsa	wt	0.001655923	100
obs_pEnsa	wt	0.002734686	110
obs_pEnsa	wt	0.016009658	120
obs_pEnsa	wt	0.253603849	130
obs_pEnsa	wt	0.428469306	140
obs_pEnsa	wt	0.511515306	150
obs_pEnsa	wt	0.550638262	160
obs_pEnsa	wt	0.569042074	170
obs_pEnsa	wt	0.577694717	180
obs_pEnsa	wt	0.581761985	190
obs_pEnsa	wt	0.583673351	200
obs_pEnsa	wt	0.584571547	210
obs_pEnsa	wt	0.584994112	220
obs_pEnsa	wt	0.585192516	230
obs_pEnsa	wt	0.585285823	240
obs_pEnsa	wt	0.585329626	250
obs_pEnsa	wt	0.585350205	260
obs_pEnsa	wt	0.585359846	270
obs_pEnsa	wt	0.585364386	280
obs_pEnsa	wt	0.58536651	290
obs_pEnsa	wt	0.585367491	300
obs_pWee	wt	0	0
obs_pWee	wt	0.049471375	10
obs_pWee	wt	0.054862303	20
obs_pWee	wt	0.060415285	30
obs_pWee	wt	0.065919077	40
obs_pWee	wt	0.07157734	50
obs_pWee	wt	0.077682847	60
obs_pWee	wt	0.084697599	70
obs_pWee	wt	0.093457914	80
obs_pWee	wt	0.105765275	90
obs_pWee	wt	0.126563002	100
obs_pWee	wt	0.176285502	110
obs_pWee	wt	0.459752716	120
obs_pWee	wt	0.982966654	130
obs_pWee	wt	0.992350061	140
obs_pWee	wt	0.993763281	150
obs_pWee	wt	0.994259012	160
obs_pWee	wt	0.99446551	170
obs_pWee	wt	0.994557474	180
obs_pWee	wt	0.994599638	190
obs_pWee	wt	0.994619225	200
obs_pWee	wt	0.99462838	210
obs_pWee	wt	0.994632676	220
obs_pWee	wt	0.99463469	230
obs_pWee	wt	0.994635637	240
obs_pWee	wt	0.994636082	250
obs_pWee	wt	0.994636291	260
obs_pWee	wt	0.994636388	270
obs_pWee	wt	0.994636434	280
obs_pWee	wt	0.994636456	290
obs_pWee	wt	0.994636466	300
obs_Cdc25	wt	1	0
obs_Cdc25	wt	0.950528625	10
obs_Cdc25	wt	0.945137697	20
obs_Cdc25	wt	0.939584715	30
obs_Cdc25	wt	0.934080923	40
obs_Cdc25	wt	0.92842266	50
obs_Cdc25	wt	0.922317153	60
obs_Cdc25	wt	0.915302401	70
obs_Cdc25	wt	0.906542086	80
obs_Cdc25	wt	0.894234725	90
obs_Cdc25	wt	0.873436998	100
obs_Cdc25	wt	0.823714498	110
obs_Cdc25	wt	0.540247284	120
obs_Cdc25	wt	0.017033346	130
obs_Cdc25	wt	0.007649939	140
obs_Cdc25	wt	0.006236719	150
obs_Cdc25	wt	0.005740988	160
obs_Cdc25	wt	0.00553449	170
obs_Cdc25	wt	0.005442526	180
obs_Cdc25	wt	0.005400362	190
obs_Cdc25	wt	0.005380775	200
obs_Cdc25	wt	0.00537162	210
obs_Cdc25	wt	0.005367324	220
obs_Cdc25	wt	0.00536531	230
obs_Cdc25	wt	0.005364363	240
obs_Cdc25	wt	0.005363918	250
obs_Cdc25	wt	0.005363709	260
obs_Cdc25	wt	0.005363612	270
obs_Cdc25	wt	0.005363566	280
obs_Cdc25	wt	0.005363544	290
obs_Cdc25	wt	0.005363534	300
obs_Ensa	wt	1	0
obs_Ensa	wt	0.951633972	10
obs_Ensa	wt	0.935911551	20
obs_Ensa	wt	0.923494182	30
obs_Ensa	wt	0.913140015	40
obs_Ensa	wt	0.904033884	50
obs_Ensa	wt	0.895556018	60
obs_Ensa	wt	0.887146758	70
obs_Ensa	wt	0.878160022	80
obs_Ensa	wt	0.867600441	90
obs_Ensa	wt	0.853395132	100
obs_Ensa	wt	0.829296578	110
obs_Ensa	wt	0.757873725	120
obs_Ensa	wt	0.49738129	130
obs_Ensa	wt	0.322111426	140
obs_Ensa	wt	0.238970957	150
obs_Ensa	wt	0.199813415	160
obs_Ensa	wt	0.181394983	170
obs_Ensa	wt	0.17273579	180
obs_Ensa	wt	0.16866551	190
obs_Ensa	wt	0.166752743	200
obs_Ensa	wt	0.165853892	210
obs_Ensa	wt	0.16543102	220
obs_Ensa	wt	0.165232471	230
obs_Ensa	wt	0.165139096	240
obs_Ensa	wt	0.165095261	250
obs_Ensa	wt	0.165074667	260
obs_Ensa	wt	0.16506502	270
obs_Ensa	wt	0.165060476	280
obs_Ensa	wt	0.165058351	290
obs_Ensa	wt	0.16505737	300
obs_pGw	wt	0	0
obs_pGw	wt	0.044294622	10
obs_pGw	wt	0.04873633	20
obs_pGw	wt	0.053281358	30
obs_pGw	wt	0.057747953	40
obs_pGw	wt	0.062304641	50
obs_pGw	wt	0.067185723	60
obs_pGw	wt	0.072752913	70
obs_pGw	wt	0.079651464	80
obs_pGw	wt	0.08925597	90
obs_pGw	wt	0.105295836	100
obs_pGw	wt	0.142936389	110
obs_pGw	wt	0.348875009	120
obs_pGw	wt	0.744813664	130
obs_pGw	wt	0.754233093	140
obs_pGw	wt	0.755350719	150
obs_pGw	wt	0.755736807	160
obs_pGw	wt	0.755896986	170
obs_pGw	wt	0.755968208	180
obs_pGw	wt	0.75600084	190
obs_pGw	wt	0.756015994	200
obs_pGw	wt	0.756023075	210
obs_pGw	wt	0.756026398	220
obs_pGw	wt	0.756027957	230
obs_pGw	wt	0.756028689	240
obs_pGw	wt	0.756029033	250
obs_pGw	wt	0.756029194	260
obs_pGw	wt	0.75602927	270
obs_pGw	wt	0.756029305	280
obs_pGw	wt	0.756029322	290
obs_pGw	wt	0.75602933	300
obs_pEB55	wt	0	0
obs_pEB55	wt	0.047972193	10
obs_pEB55	wt	0.06361911	20
obs_pEB55	wt	0.075958541	30
obs_pEB55	wt	0.086233135	40
obs_pEB55	wt	0.095255099	50
obs_pEB55	wt	0.103639484	60
obs_pEB55	wt	0.111937933	70
obs_pEB55	wt	0.120781105	80
obs_pEB55	wt	0.131129036	90
obs_pEB55	wt	0.144948945	100
obs_pEB55	wt	0.167968736	110
obs_pEB55	wt	0.226116617	120
obs_pEB55	wt	0.249014861	130
obs_pEB55	wt	0.249419268	140
obs_pEB55	wt	0.249513737	150
obs_pEB55	wt	0.249548323	160
obs_pEB55	wt	0.249562943	170
obs_pEB55	wt	0.249569493	180
obs_pEB55	wt	0.249572505	190
obs_pEB55	wt	0.249573906	200
obs_pEB55	wt	0.249574561	210
obs_pEB55	wt	0.249574868	220
obs_pEB55	wt	0.249575013	230
obs_pEB55	wt	0.24957508	240
obs_pEB55	wt	0.249575112	250
obs_pEB55	wt	0.249575127	260
obs_pEB55	wt	0.249575134	270
obs_pEB55	wt	0.249575137	280
obs_pEB55	wt	0.249575139	290
obs_pEB55	wt	0.24957514	300
obs_Wee	wt	1	0
obs_Wee	wt	0.950528625	10
obs_Wee	wt	0.945137697	20
obs_Wee	wt	0.939584715	30
obs_Wee	wt	0.934080923	40
obs_Wee	wt	0.92842266	50
obs_Wee	wt	0.922317153	60
obs_Wee	wt	0.915302401	70
obs_Wee	wt	0.906542086	80
obs_Wee	wt	0.894234725	90
obs_Wee	wt	0.873436998	100
obs_Wee	wt	0.823714498	110
obs_Wee	wt	0.540247284	120
obs_Wee	wt	0.017033346	130
obs_Wee	wt	0.007649939	140
obs_Wee	wt	0.006236719	150
obs_Wee	wt	0.005740988	160
obs_Wee	wt	0.00553449	170
obs_Wee	wt	0.005442526	180
obs_Wee	wt	0.005400362	190
obs_Wee	wt	0.005380775	200
obs_Wee	wt	0.00537162	210
obs_Wee	wt	0.005367324	220
obs_Wee	wt	0.00536531	230
obs_Wee	wt	0.005364363	240
obs_Wee	wt	0.005363918	250
obs_Wee	wt	0.005363709	260
obs_Wee	wt	0.005363612	270
obs_Wee	wt	0.005363566	280
obs_Wee	wt	0.005363544	290
obs_Wee	wt	0.005363534	300
obs_pCdc25	wt	0	0
obs_pCdc25	wt	0.049471375	10
obs_pCdc25	wt	0.054862303	20
obs_pCdc25	wt	0.060415285	30
obs_pCdc25	wt	0.065919077	40
obs_pCdc25	wt	0.07157734	50
obs_pCdc25	wt	0.077682847	60
obs_pCdc25	wt	0.084697599	70
obs_pCdc25	wt	0.093457914	80
obs_pCdc25	wt	0.105765275	90
obs_pCdc25	wt	0.126563002	100
obs_pCdc25	wt	0.176285502	110
obs_pCdc25	wt	0.459752716	120
obs_pCdc25	wt	0.982966654	130
obs_pCdc25	wt	0.992350061	140
obs_pCdc25	wt	0.993763281	150
obs_pCdc25	wt	0.994259012	160
obs_pCdc25	wt	0.99446551	170
obs_pCdc25	wt	0.994557474	180
obs_pCdc25	wt	0.994599638	190
obs_pCdc25	wt	0.994619225	200
obs_pCdc25	wt	0.99462838	210
obs_pCdc25	wt	0.994632676	220
obs_pCdc25	wt	0.99463469	230
obs_pCdc25	wt	0.994635637	240
obs_pCdc25	wt	0.994636082	250
obs_pCdc25	wt	0.994636291	260
obs_pCdc25	wt	0.994636388	270
obs_pCdc25	wt	0.994636434	280
obs_pCdc25	wt	0.994636456	290
obs_pCdc25	wt	0.994636466	300
obs_B55	wt	0.25	0
obs_B55	wt	0.202027807	10
obs_B55	wt	0.18638089	20
obs_B55	wt	0.174041459	30
obs_B55	wt	0.163766865	40
obs_B55	wt	0.154744901	50
obs_B55	wt	0.146360516	60
obs_B55	wt	0.138062067	70
obs_B55	wt	0.129218895	80
obs_B55	wt	0.118870964	90
obs_B55	wt	0.105051055	100
obs_B55	wt	0.082031264	110
obs_B55	wt	0.023883383	120
obs_B55	wt	0.000985139	130
obs_B55	wt	0.000580732	140
obs_B55	wt	0.000486263	150
obs_B55	wt	0.000451677	160
obs_B55	wt	0.000437057	170
obs_B55	wt	0.000430507	180
obs_B55	wt	0.000427495	190
obs_B55	wt	0.000426094	200
obs_B55	wt	0.000425439	210
obs_B55	wt	0.000425132	220
obs_B55	wt	0.000424987	230
obs_B55	wt	0.00042492	240
obs_B55	wt	0.000424888	250
obs_B55	wt	0.000424873	260
obs_B55	wt	0.000424866	270
obs_B55	wt	0.000424863	280
obs_B55	wt	0.000424861	290
obs_B55	wt	0.00042486	300
obs_pCb	wt	0	0
obs_pCb	wt	0.694475402	10
obs_pCb	wt	0.691216293	20
obs_pCb	wt	0.687505997	30
obs_pCb	wt	0.683834766	40
obs_pCb	wt	0.680071245	50
obs_pCb	wt	0.676026121	60
obs_pCb	wt	0.671402998	70
obs_pCb	wt	0.665671058	80
obs_pCb	wt	0.657703386	90
obs_pCb	wt	0.64447267	100
obs_pCb	wt	0.613930696	110
obs_pCb	wt	0.45308551	120
obs_pCb	wt	0.026654014	130
obs_pCb	wt	0.014138958	140
obs_pCb	wt	0.012870491	150
obs_pCb	wt	0.01244216	160
obs_pCb	wt	0.012265882	170
obs_pCb	wt	0.012187767	180
obs_pCb	wt	0.012152032	190
obs_pCb	wt	0.012135449	200
obs_pCb	wt	0.012127701	210
obs_pCb	wt	0.012124066	220
obs_pCb	wt	0.012122362	230
obs_pCb	wt	0.012121561	240
obs_pCb	wt	0.012121185	250
obs_pCb	wt	0.012121008	260
obs_pCb	wt	0.012120926	270
obs_pCb	wt	0.012120887	280
obs_pCb	wt	0.012120868	290
obs_pCb	wt	0.01212086	300
obs_Cb	iWee	1.6	0
obs_Cb	iWee	0.241917624	10
obs_Cb	iWee	0.252493286	20
obs_Cb	iWee	0.266860514	30
obs_Cb	iWee	0.284346884	40
obs_Cb	iWee	0.308763818	50
obs_Cb	iWee	0.351927042	60
obs_Cb	iWee	0.477045936	70
obs_Cb	iWee	1.364298614	80
obs_Cb	iWee	1.575596182	90
obs_Cb	iWee	1.57860641	100
obs_Cb	iWee	1.579355532	110
obs_Cb	iWee	1.579640494	120
obs_Cb	iWee	1.579762798	130
obs_Cb	iWee	1.579817948	140
obs_Cb	iWee	1.57984337	150
obs_Cb	iWee	1.579855204	160
obs_Cb	iWee	1.57986074	170
obs_Cb	iWee	1.579863334	180
obs_Cb	iWee	1.579864552	190
obs_Cb	iWee	1.579865124	200
obs_Cb	iWee	1.579865392	210
obs_Cb	iWee	1.579865518	220
obs_Cb	iWee	1.579865578	230
obs_Cb	iWee	1.579865606	240
obs_Cb	iWee	1.579865618	250
obs_Cb	iWee	1.579865626	260
obs_Cb	iWee	1.579865628	270
obs_Cb	iWee	1.57986563	280
obs_Cb	iWee	1.57986563	290
obs_Cb	iWee	1.57986563	300
obs_Gw	iWee	1	0
obs_Gw	iWee	0.948302958	10
obs_Gw	iWee	0.941497934	20
obs_Gw	iWee	0.93331045	30
obs_Gw	iWee	0.923379955	40
obs_Gw	iWee	0.90949178	50
obs_Gw	iWee	0.884694068	60
obs_Gw	iWee	0.810396246	70
obs_Gw	iWee	0.330638997	80
obs_Gw	iWee	0.246438741	90
obs_Gw	iWee	0.244427715	100
obs_Gw	iWee	0.243876044	110
obs_Gw	iWee	0.243661552	120
obs_Gw	iWee	0.243568707	130
obs_Gw	iWee	0.243526687	140
obs_Gw	iWee	0.243507286	150
obs_Gw	iWee	0.243498246	160
obs_Gw	iWee	0.243494017	170
obs_Gw	iWee	0.243492034	180
obs_Gw	iWee	0.243491104	190
obs_Gw	iWee	0.243490667	200
obs_Gw	iWee	0.243490461	210
obs_Gw	iWee	0.243490365	220
obs_Gw	iWee	0.24349032	230
obs_Gw	iWee	0.243490299	240
obs_Gw	iWee	0.243490288	250
obs_Gw	iWee	0.243490283	260
obs_Gw	iWee	0.243490281	270
obs_Gw	iWee	0.24349028	280
obs_Gw	iWee	0.24349028	290
obs_Gw	iWee	0.24349028	300
obs_pEnsa	iWee	0	0
obs_pEnsa	iWee	0.00046926	10
obs_pEnsa	iWee	0.000585575	20
obs_pEnsa	iWee	0.000728399	30
obs_pEnsa	iWee	0.000913477	40
obs_pEnsa	iWee	0.001194419	50
obs_pEnsa	iWee	0.001763763	60
obs_pEnsa	iWee	0.004096881	70
obs_pEnsa	iWee	0.106191769	80
obs_pEnsa	iWee	0.353963929	90
obs_pEnsa	iWee	0.476482893	100
obs_pEnsa	iWee	0.534241446	110
obs_pEnsa	iWee	0.561403167	120
obs_pEnsa	iWee	0.57416683	130
obs_pEnsa	iWee	0.580162641	140
obs_pEnsa	iWee	0.582978871	150
obs_pEnsa	iWee	0.584301575	160
obs_pEnsa	iWee	0.584922784	170
obs_pEnsa	iWee	0.585214548	180
obs_pEnsa	iWee	0.585351553	190
obs_pEnsa	iWee	0.585415904	200
obs_pEnsa	iWee	0.585446172	210
obs_pEnsa	iWee	0.585460411	220
obs_pEnsa	iWee	0.585467055	230
obs_pEnsa	iWee	0.58547017	240
obs_pEnsa	iWee	0.585471679	250
obs_pEnsa	iWee	0.585472453	260
obs_pEnsa	iWee	0.585472794	270
obs_pEnsa	iWee	0.585472901	280
obs_pEnsa	iWee	0.585472887	290
obs_pEnsa	iWee	0.585472911	300
obs_pWee	iWee	0	0
obs_pWee	iWee	0.05785721	10
obs_pWee	iWee	0.066132184	20
obs_pWee	iWee	0.076166722	30
obs_pWee	iWee	0.08848476	40
obs_pWee	iWee	0.105938774	50
obs_pWee	iWee	0.137624143	60
obs_pWee	iWee	0.235220353	70
obs_pWee	iWee	0.8897971	80
obs_pWee	iWee	0.990370663	90
obs_pWee	iWee	0.993262008	100
obs_pWee	iWee	0.994078694	110
obs_pWee	iWee	0.994396941	120
obs_pWee	iWee	0.994534798	130
obs_pWee	iWee	0.99459721	140
obs_pWee	iWee	0.994626029	150
obs_pWee	iWee	0.994639458	160
obs_pWee	iWee	0.994645741	170
obs_pWee	iWee	0.994648687	180
obs_pWee	iWee	0.994650069	190
obs_pWee	iWee	0.994650718	200
obs_pWee	iWee	0.994651023	210
obs_pWee	iWee	0.994651167	220
obs_pWee	iWee	0.994651234	230
obs_pWee	iWee	0.994651265	240
obs_pWee	iWee	0.99465128	250
obs_pWee	iWee	0.994651288	260
obs_pWee	iWee	0.994651291	270
obs_pWee	iWee	0.994651293	280
obs_pWee	iWee	0.994651292	290
obs_pWee	iWee	0.994651293	300
obs_Cdc25	iWee	1	0
obs_Cdc25	iWee	0.94214279	10
obs_Cdc25	iWee	0.933867816	20
obs_Cdc25	iWee	0.923833278	30
obs_Cdc25	iWee	0.91151524	40
obs_Cdc25	iWee	0.894061226	50
obs_Cdc25	iWee	0.862375857	60
obs_Cdc25	iWee	0.764779647	70
obs_Cdc25	iWee	0.1102029	80
obs_Cdc25	iWee	0.009629337	90
obs_Cdc25	iWee	0.006737992	100
obs_Cdc25	iWee	0.005921306	110
obs_Cdc25	iWee	0.005603059	120
obs_Cdc25	iWee	0.005465202	130
obs_Cdc25	iWee	0.00540279	140
obs_Cdc25	iWee	0.005373971	150
obs_Cdc25	iWee	0.005360542	160
obs_Cdc25	iWee	0.005354259	170
obs_Cdc25	iWee	0.005351313	180
obs_Cdc25	iWee	0.005349931	190
obs_Cdc25	iWee	0.005349282	200
obs_Cdc25	iWee	0.005348977	210
obs_Cdc25	iWee	0.005348833	220
obs_Cdc25	iWee	0.005348766	230
obs_Cdc25	iWee	0.005348735	240
obs_Cdc25	iWee	0.00534872	250
obs_Cdc25	iWee	0.005348712	260
obs_Cdc25	iWee	0.005348709	270
obs_Cdc25	iWee	0.005348707	280
obs_Cdc25	iWee	0.005348708	290
obs_Cdc25	iWee	0.005348707	300
obs_Ensa	iWee	1	0
obs_Ensa	iWee	0.945676609	10
obs_Ensa	iWee	0.926276535	20
obs_Ensa	iWee	0.909679774	30
obs_Ensa	iWee	0.893944093	40
obs_Ensa	iWee	0.877020382	50
obs_Ensa	iWee	0.855094902	60
obs_Ensa	iWee	0.814779105	70
obs_Ensa	iWee	0.646257696	80
obs_Ensa	iWee	0.396739623	90
obs_Ensa	iWee	0.274039184	100
obs_Ensa	iWee	0.216224108	110
obs_Ensa	iWee	0.189039842	120
obs_Ensa	iWee	0.176266324	130
obs_Ensa	iWee	0.170266033	140
obs_Ensa	iWee	0.167447731	150
obs_Ensa	iWee	0.166124061	160
obs_Ensa	iWee	0.1655024	170
obs_Ensa	iWee	0.165210424	180
obs_Ensa	iWee	0.165073319	190
obs_Ensa	iWee	0.165008921	200
obs_Ensa	iWee	0.164978631	210
obs_Ensa	iWee	0.164964382	220
obs_Ensa	iWee	0.164957733	230
obs_Ensa	iWee	0.164954616	240
obs_Ensa	iWee	0.164953106	250
obs_Ensa	iWee	0.164952331	260
obs_Ensa	iWee	0.16495199	270
obs_Ensa	iWee	0.164951883	280
obs_Ensa	iWee	0.164951897	290
obs_Ensa	iWee	0.164951873	300
obs_pGw	iWee	0	0
obs_pGw	iWee	0.051697042	10
obs_pGw	iWee	0.058502066	20
obs_pGw	iWee	0.06668955	30
obs_pGw	iWee	0.076620045	40
obs_pGw	iWee	0.09050822	50
obs_pGw	iWee	0.115305932	60
obs_pGw	iWee	0.189603754	70
obs_pGw	iWee	0.669361003	80
obs_pGw	iWee	0.753561259	90
obs_pGw	iWee	0.755572285	100
obs_pGw	iWee	0.756123956	110
obs_pGw	iWee	0.756338448	120
obs_pGw	iWee	0.756431293	130
obs_pGw	iWee	0.756473313	140
obs_pGw	iWee	0.756492714	150
obs_pGw	iWee	0.756501754	160
obs_pGw	iWee	0.756505983	170
obs_pGw	iWee	0.756507966	180
obs_pGw	iWee	0.756508896	190
obs_pGw	iWee	0.756509333	200
obs_pGw	iWee	0.756509539	210
obs_pGw	iWee	0.756509635	220
obs_pGw	iWee	0.75650968	230
obs_pGw	iWee	0.756509701	240
obs_pGw	iWee	0.756509712	250
obs_pGw	iWee	0.756509717	260
obs_pGw	iWee	0.756509719	270
obs_pGw	iWee	0.75650972	280
obs_pGw	iWee	0.75650972	290
obs_pGw	iWee	0.75650972	300
obs_pEB55	iWee	0	0
obs_pEB55	iWee	0.053854131	10
obs_pEB55	iWee	0.07313789	20
obs_pEB55	iWee	0.089591827	30
obs_pEB55	iWee	0.10514243	40
obs_pEB55	iWee	0.121785199	50
obs_pEB55	iWee	0.143141335	60
obs_pEB55	iWee	0.181124014	70
obs_pEB55	iWee	0.247550535	80
obs_pEB55	iWee	0.249296448	90
obs_pEB55	iWee	0.249477923	100
obs_pEB55	iWee	0.249534446	110
obs_pEB55	iWee	0.249556991	120
obs_pEB55	iWee	0.249566846	130
obs_pEB55	iWee	0.249571326	140
obs_pEB55	iWee	0.249573398	150
obs_pEB55	iWee	0.249574364	160
obs_pEB55	iWee	0.249574816	170
obs_pEB55	iWee	0.249575028	180
obs_pEB55	iWee	0.249575128	190
obs_pEB55	iWee	0.249575175	200
obs_pEB55	iWee	0.249575197	210
obs_pEB55	iWee	0.249575207	220
obs_pEB55	iWee	0.249575212	230
obs_pEB55	iWee	0.249575214	240
obs_pEB55	iWee	0.249575215	250
obs_pEB55	iWee	0.249575216	260
obs_pEB55	iWee	0.249575216	270
obs_pEB55	iWee	0.249575216	280
obs_pEB55	iWee	0.249575216	290
obs_pEB55	iWee	0.249575216	300
obs_Wee	iWee	1	0
obs_Wee	iWee	0.94214279	10
obs_Wee	iWee	0.933867816	20
obs_Wee	iWee	0.923833278	30
obs_Wee	iWee	0.91151524	40
obs_Wee	iWee	0.894061226	50
obs_Wee	iWee	0.862375857	60
obs_Wee	iWee	0.764779647	70
obs_Wee	iWee	0.1102029	80
obs_Wee	iWee	0.009629337	90
obs_Wee	iWee	0.006737992	100
obs_Wee	iWee	0.005921306	110
obs_Wee	iWee	0.005603059	120
obs_Wee	iWee	0.005465202	130
obs_Wee	iWee	0.00540279	140
obs_Wee	iWee	0.005373971	150
obs_Wee	iWee	0.005360542	160
obs_Wee	iWee	0.005354259	170
obs_Wee	iWee	0.005351313	180
obs_Wee	iWee	0.005349931	190
obs_Wee	iWee	0.005349282	200
obs_Wee	iWee	0.005348977	210
obs_Wee	iWee	0.005348833	220
obs_Wee	iWee	0.005348766	230
obs_Wee	iWee	0.005348735	240
obs_Wee	iWee	0.00534872	250
obs_Wee	iWee	0.005348712	260
obs_Wee	iWee	0.005348709	270
obs_Wee	iWee	0.005348707	280
obs_Wee	iWee	0.005348708	290
obs_Wee	iWee	0.005348707	300
obs_pCdc25	iWee	0	0
obs_pCdc25	iWee	0.05785721	10
obs_pCdc25	iWee	0.066132184	20
obs_pCdc25	iWee	0.076166722	30
obs_pCdc25	iWee	0.08848476	40
obs_pCdc25	iWee	0.105938774	50
obs_pCdc25	iWee	0.137624143	60
obs_pCdc25	iWee	0.235220353	70
obs_pCdc25	iWee	0.8897971	80
obs_pCdc25	iWee	0.990370663	90
obs_pCdc25	iWee	0.993262008	100
obs_pCdc25	iWee	0.994078694	110
obs_pCdc25	iWee	0.994396941	120
obs_pCdc25	iWee	0.994534798	130
obs_pCdc25	iWee	0.99459721	140
obs_pCdc25	iWee	0.994626029	150
obs_pCdc25	iWee	0.994639458	160
obs_pCdc25	iWee	0.994645741	170
obs_pCdc25	iWee	0.994648687	180
obs_pCdc25	iWee	0.994650069	190
obs_pCdc25	iWee	0.994650718	200
obs_pCdc25	iWee	0.994651023	210
obs_pCdc25	iWee	0.994651167	220
obs_pCdc25	iWee	0.994651234	230
obs_pCdc25	iWee	0.994651265	240
obs_pCdc25	iWee	0.99465128	250
obs_pCdc25	iWee	0.994651288	260
obs_pCdc25	iWee	0.994651291	270
obs_pCdc25	iWee	0.994651293	280
obs_pCdc25	iWee	0.994651292	290
obs_pCdc25	iWee	0.994651293	300
obs_B55	iWee	0.225	0
obs_B55	iWee	0.176531282	10
obs_B55	iWee	0.159175899	20
obs_B55	iWee	0.144367356	30
obs_B55	iWee	0.130371813	40
obs_B55	iWee	0.115393321	50
obs_B55	iWee	0.096172799	60
obs_B55	iWee	0.061988387	70
obs_B55	iWee	0.002204519	80
obs_B55	iWee	0.000633197	90
obs_B55	iWee	0.000469869	100
obs_B55	iWee	0.000418999	110
obs_B55	iWee	0.000398708	120
obs_B55	iWee	0.000389839	130
obs_B55	iWee	0.000385807	140
obs_B55	iWee	0.000383942	150
obs_B55	iWee	0.000383072	160
obs_B55	iWee	0.000382666	170
obs_B55	iWee	0.000382475	180
obs_B55	iWee	0.000382385	190
obs_B55	iWee	0.000382343	200
obs_B55	iWee	0.000382323	210
obs_B55	iWee	0.000382314	220
obs_B55	iWee	0.000382309	230
obs_B55	iWee	0.000382307	240
obs_B55	iWee	0.000382307	250
obs_B55	iWee	0.000382306	260
obs_B55	iWee	0.000382306	270
obs_B55	iWee	0.000382306	280
obs_B55	iWee	0.000382306	290
obs_B55	iWee	0.000382306	300
obs_pCb	iWee	0	0
obs_pCb	iWee	0.679041188	10
obs_pCb	iWee	0.673753357	20
obs_pCb	iWee	0.666569743	30
obs_pCb	iWee	0.657826558	40
obs_pCb	iWee	0.645618091	50
obs_pCb	iWee	0.624036479	60
obs_pCb	iWee	0.561477032	70
obs_pCb	iWee	0.117850693	80
obs_pCb	iWee	0.012201909	90
obs_pCb	iWee	0.010696795	100
obs_pCb	iWee	0.010322234	110
obs_pCb	iWee	0.010179753	120
obs_pCb	iWee	0.010118601	130
obs_pCb	iWee	0.010091026	140
obs_pCb	iWee	0.010078315	150
obs_pCb	iWee	0.010072398	160
obs_pCb	iWee	0.01006963	170
obs_pCb	iWee	0.010068333	180
obs_pCb	iWee	0.010067724	190
obs_pCb	iWee	0.010067438	200
obs_pCb	iWee	0.010067304	210
obs_pCb	iWee	0.010067241	220
obs_pCb	iWee	0.010067211	230
obs_pCb	iWee	0.010067197	240
obs_pCb	iWee	0.010067191	250
obs_pCb	iWee	0.010067187	260
obs_pCb	iWee	0.010067186	270
obs_pCb	iWee	0.010067185	280
obs_pCb	iWee	0.010067185	290
obs_pCb	iWee	0.010067185	300
obs_Cb	Cb_low	1.5	0
obs_Cb	Cb_low	0.19143945	10
obs_Cb	Cb_low	0.195852736	20
obs_Cb	Cb_low	0.20059371	30
obs_Cb	Cb_low	0.204834942	40
obs_Cb	Cb_low	0.20866062	50
obs_Cb	Cb_low	0.212153792	60
obs_Cb	Cb_low	0.215390536	70
obs_Cb	Cb_low	0.218439492	80
obs_Cb	Cb_low	0.221363356	90
obs_Cb	Cb_low	0.224221566	100
obs_Cb	Cb_low	0.227073636	110
obs_Cb	Cb_low	0.229983276	120
obs_Cb	Cb_low	0.233024498	130
obs_Cb	Cb_low	0.236289764	140
obs_Cb	Cb_low	0.239904252	150
obs_Cb	Cb_low	0.244050528	160
obs_Cb	Cb_low	0.249015722	170
obs_Cb	Cb_low	0.255292886	180
obs_Cb	Cb_low	0.263821882	190
obs_Cb	Cb_low	0.276673478	200
obs_Cb	Cb_low	0.29952171	210
obs_Cb	Cb_low	0.355202104	220
obs_Cb	Cb_low	0.657475606	230
obs_Cb	Cb_low	1.445425436	240
obs_Cb	Cb_low	1.472489262	250
obs_Cb	Cb_low	1.475134854	260
obs_Cb	Cb_low	1.476028572	270
obs_Cb	Cb_low	1.476399082	280
obs_Cb	Cb_low	1.476564836	290
obs_Cb	Cb_low	1.476641482	300
obs_Gw	Cb_low	1	0
obs_Gw	Cb_low	0.960304249	10
obs_Gw	Cb_low	0.957058093	20
obs_Gw	Cb_low	0.953977172	30
obs_Gw	Cb_low	0.951240398	40
obs_Gw	Cb_low	0.948784843	50
obs_Gw	Cb_low	0.946551946	60
obs_Gw	Cb_low	0.9444897	70
obs_Gw	Cb_low	0.942552173	80
obs_Gw	Cb_low	0.940698076	90
obs_Gw	Cb_low	0.938888756	100
obs_Gw	Cb_low	0.937085952	110
obs_Gw	Cb_low	0.935248881	120
obs_Gw	Cb_low	0.933330684	130
obs_Gw	Cb_low	0.931272737	140
obs_Gw	Cb_low	0.928995918	150
obs_Gw	Cb_low	0.926384983	160
obs_Gw	Cb_low	0.92325835	170
obs_Gw	Cb_low	0.919303679	180
obs_Gw	Cb_low	0.913923284	190
obs_Gw	Cb_low	0.905792629	200
obs_Gw	Cb_low	0.891244005	210
obs_Gw	Cb_low	0.855201689	220
obs_Gw	Cb_low	0.652858134	230
obs_Gw	Cb_low	0.268987645	240
obs_Gw	Cb_low	0.258134126	250
obs_Gw	Cb_low	0.256907757	260
obs_Gw	Cb_low	0.25648409	270
obs_Gw	Cb_low	0.256307036	280
obs_Gw	Cb_low	0.256227558	290
obs_Gw	Cb_low	0.25619075	300
obs_pEnsa	Cb_low	0	0
obs_pEnsa	Cb_low	0.000348089	10
obs_pEnsa	Cb_low	0.000403855	20
obs_pEnsa	Cb_low	0.000456622	30
obs_pEnsa	Cb_low	0.000504811	40
obs_pEnsa	Cb_low	0.00054908	50
obs_pEnsa	Cb_low	0.000590168	60
obs_pEnsa	Cb_low	0.000628813	70
obs_pEnsa	Cb_low	0.000665726	80
obs_pEnsa	Cb_low	0.000701594	90
obs_pEnsa	Cb_low	0.000737109	100
obs_pEnsa	Cb_low	0.000772999	110
obs_pEnsa	Cb_low	0.000810086	120
obs_pEnsa	Cb_low	0.00084937	130
obs_pEnsa	Cb_low	0.000892149	140
obs_pEnsa	Cb_low	0.000940245	150
obs_pEnsa	Cb_low	0.000996397	160
obs_pEnsa	Cb_low	0.001065056	170
obs_pEnsa	Cb_low	0.001154132	180
obs_pEnsa	Cb_low	0.001279397	190
obs_pEnsa	Cb_low	0.001477848	200
obs_pEnsa	Cb_low	0.001861774	210
obs_pEnsa	Cb_low	0.002990389	220
obs_pEnsa	Cb_low	0.017348288	230
obs_pEnsa	Cb_low	0.249815503	240
obs_pEnsa	Cb_low	0.423177544	250
obs_pEnsa	Cb_low	0.506653739	260
obs_pEnsa	Cb_low	0.546476465	270
obs_pEnsa	Cb_low	0.56544333	280
obs_pEnsa	Cb_low	0.574471349	290
obs_pEnsa	Cb_low	0.578767787	300
obs_pWee	Cb_low	0	0
obs_pWee	Cb_low	0.044275065	10
obs_pWee	Cb_low	0.048214294	20
obs_pWee	Cb_low	0.051972267	30
obs_pWee	Cb_low	0.055333531	40
obs_pWee	Cb_low	0.058366809	50
obs_pWee	Cb_low	0.061138592	60
obs_pWee	Cb_low	0.063709464	70
obs_pWee	Cb_low	0.066134008	80
obs_pWee	Cb_low	0.068462124	90
obs_pWee	Cb_low	0.07074125	100
obs_pWee	Cb_low	0.073019024	110
obs_pWee	Cb_low	0.075346874	120
obs_pWee	Cb_low	0.077784584	130
obs_pWee	Cb_low	0.080407617	140
obs_pWee	Cb_low	0.083318569	150
obs_pWee	Cb_low	0.086667796	160
obs_pWee	Cb_low	0.090693425	170
obs_pWee	Cb_low	0.095807149	180
obs_pWee	Cb_low	0.102801209	190
obs_pWee	Cb_low	0.113443753	200
obs_pWee	Cb_low	0.132679566	210
obs_pWee	Cb_low	0.181169886	220
obs_pWee	Cb_low	0.464775385	230
obs_pWee	Cb_low	0.980718408	240
obs_pWee	Cb_low	0.991703131	250
obs_pWee	Cb_low	0.99327308	260
obs_pWee	Cb_low	0.993825116	270
obs_pWee	Cb_low	0.994056832	280
obs_pWee	Cb_low	0.994161029	290
obs_pWee	Cb_low	0.994209322	300
obs_Cdc25	Cb_low	1	0
obs_Cdc25	Cb_low	0.955724935	10
obs_Cdc25	Cb_low	0.951785706	20
obs_Cdc25	Cb_low	0.948027733	30
obs_Cdc25	Cb_low	0.944666469	40
obs_Cdc25	Cb_low	0.941633191	50
obs_Cdc25	Cb_low	0.938861408	60
obs_Cdc25	Cb_low	0.936290536	70
obs_Cdc25	Cb_low	0.933865992	80
obs_Cdc25	Cb_low	0.931537876	90
obs_Cdc25	Cb_low	0.92925875	100
obs_Cdc25	Cb_low	0.926980976	110
obs_Cdc25	Cb_low	0.924653126	120
obs_Cdc25	Cb_low	0.922215416	130
obs_Cdc25	Cb_low	0.919592383	140
obs_Cdc25	Cb_low	0.916681431	150
obs_Cdc25	Cb_low	0.913332204	160
obs_Cdc25	Cb_low	0.909306575	170
obs_Cdc25	Cb_low	0.904192851	180
obs_Cdc25	Cb_low	0.897198791	190
obs_Cdc25	Cb_low	0.886556247	200
obs_Cdc25	Cb_low	0.867320434	210
obs_Cdc25	Cb_low	0.818830114	220
obs_Cdc25	Cb_low	0.535224615	230
obs_Cdc25	Cb_low	0.019281592	240
obs_Cdc25	Cb_low	0.008296869	250
obs_Cdc25	Cb_low	0.00672692	260
obs_Cdc25	Cb_low	0.006174884	270
obs_Cdc25	Cb_low	0.005943168	280
obs_Cdc25	Cb_low	0.005838971	290
obs_Cdc25	Cb_low	0.005790678	300
obs_Ensa	Cb_low	1	0
obs_Ensa	Cb_low	0.955685864	10
obs_Ensa	Cb_low	0.942085274	20
obs_Ensa	Cb_low	0.93181244	30
obs_Ensa	Cb_low	0.923768855	40
obs_Ensa	Cb_low	0.917271799	50
obs_Ensa	Cb_low	0.911869147	60
obs_Ensa	Cb_low	0.907252214	70
obs_Ensa	Cb_low	0.903203337	80
obs_Ensa	Cb_low	0.89956338	90
obs_Ensa	Cb_low	0.896210966	100
obs_Ensa	Cb_low	0.893048547	110
obs_Ensa	Cb_low	0.889992353	120
obs_Ensa	Cb_low	0.886964291	130
obs_Ensa	Cb_low	0.883884175	140
obs_Ensa	Cb_low	0.880660612	150
obs_Ensa	Cb_low	0.877177961	160
obs_Ensa	Cb_low	0.873274569	170
obs_Ensa	Cb_low	0.868701056	180
obs_Ensa	Cb_low	0.863030468	190
obs_Ensa	Cb_low	0.855432297	200
obs_Ensa	Cb_low	0.843971563	210
obs_Ensa	Cb_low	0.822540761	220
obs_Ensa	Cb_low	0.754008639	230
obs_Ensa	Cb_low	0.501184606	240
obs_Ensa	Cb_low	0.327410449	250
obs_Ensa	Cb_low	0.243837188	260
obs_Ensa	Cb_low	0.203978648	270
obs_Ensa	Cb_low	0.184996505	280
obs_Ensa	Cb_low	0.175961569	290
obs_Ensa	Cb_low	0.171661916	300
obs_pGw	Cb_low	0	0
obs_pGw	Cb_low	0.039695751	10
obs_pGw	Cb_low	0.042941907	20
obs_pGw	Cb_low	0.046022828	30
obs_pGw	Cb_low	0.048759602	40
obs_pGw	Cb_low	0.051215157	50
obs_pGw	Cb_low	0.053448054	60
obs_pGw	Cb_low	0.0555103	70
obs_pGw	Cb_low	0.057447827	80
obs_pGw	Cb_low	0.059301924	90
obs_pGw	Cb_low	0.061111244	100
obs_pGw	Cb_low	0.062914048	110
obs_pGw	Cb_low	0.064751119	120
obs_pGw	Cb_low	0.066669316	130
obs_pGw	Cb_low	0.068727263	140
obs_pGw	Cb_low	0.071004082	150
obs_pGw	Cb_low	0.073615017	160
obs_pGw	Cb_low	0.07674165	170
obs_pGw	Cb_low	0.080696321	180
obs_pGw	Cb_low	0.086076716	190
obs_pGw	Cb_low	0.094207371	200
obs_pGw	Cb_low	0.108755995	210
obs_pGw	Cb_low	0.144798311	220
obs_pGw	Cb_low	0.347141866	230
obs_pGw	Cb_low	0.731012355	240
obs_pGw	Cb_low	0.741865874	250
obs_pGw	Cb_low	0.743092243	260
obs_pGw	Cb_low	0.74351591	270
obs_pGw	Cb_low	0.743692964	280
obs_pGw	Cb_low	0.743772442	290
obs_pGw	Cb_low	0.74380925	300
obs_pEB55	Cb_low	0	0
obs_pEB55	Cb_low	0.043966047	10
obs_pEB55	Cb_low	0.057510872	20
obs_pEB55	Cb_low	0.067730939	30
obs_pEB55	Cb_low	0.075726334	40
obs_pEB55	Cb_low	0.082179121	50
obs_pEB55	Cb_low	0.087540685	60
obs_pEB55	Cb_low	0.092118972	70
obs_pEB55	Cb_low	0.096130937	80
obs_pEB55	Cb_low	0.099735026	90
obs_pEB55	Cb_low	0.103051925	100
obs_pEB55	Cb_low	0.106178454	110
obs_pEB55	Cb_low	0.10919756	120
obs_pEB55	Cb_low	0.112186339	130
obs_pEB55	Cb_low	0.115223676	140
obs_pEB55	Cb_low	0.118399144	150
obs_pEB55	Cb_low	0.121825642	160
obs_pEB55	Cb_low	0.125660374	170
obs_pEB55	Cb_low	0.130144812	180
obs_pEB55	Cb_low	0.135690135	190
obs_pEB55	Cb_low	0.143089854	200
obs_pEB55	Cb_low	0.154166663	210
obs_pEB55	Cb_low	0.17446885	220
obs_pEB55	Cb_low	0.228643073	230
obs_pEB55	Cb_low	0.248999891	240
obs_pEB55	Cb_low	0.249412007	250
obs_pEB55	Cb_low	0.249509074	260
obs_pEB55	Cb_low	0.249544887	270
obs_pEB55	Cb_low	0.249560165	280
obs_pEB55	Cb_low	0.249567081	290
obs_pEB55	Cb_low	0.249570297	300
obs_Wee	Cb_low	1	0
obs_Wee	Cb_low	0.955724935	10
obs_Wee	Cb_low	0.951785706	20
obs_Wee	Cb_low	0.948027733	30
obs_Wee	Cb_low	0.944666469	40
obs_Wee	Cb_low	0.941633191	50
obs_Wee	Cb_low	0.938861408	60
obs_Wee	Cb_low	0.936290536	70
obs_Wee	Cb_low	0.933865992	80
obs_Wee	Cb_low	0.931537876	90
obs_Wee	Cb_low	0.92925875	100
obs_Wee	Cb_low	0.926980976	110
obs_Wee	Cb_low	0.924653126	120
obs_Wee	Cb_low	0.922215416	130
obs_Wee	Cb_low	0.919592383	140
obs_Wee	Cb_low	0.916681431	150
obs_Wee	Cb_low	0.913332204	160
obs_Wee	Cb_low	0.909306575	170
obs_Wee	Cb_low	0.904192851	180
obs_Wee	Cb_low	0.897198791	190
obs_Wee	Cb_low	0.886556247	200
obs_Wee	Cb_low	0.867320434	210
obs_Wee	Cb_low	0.818830114	220
obs_Wee	Cb_low	0.535224615	230
obs_Wee	Cb_low	0.019281592	240
obs_Wee	Cb_low	0.008296869	250
obs_Wee	Cb_low	0.00672692	260
obs_Wee	Cb_low	0.006174884	270
obs_Wee	Cb_low	0.005943168	280
obs_Wee	Cb_low	0.005838971	290
obs_Wee	Cb_low	0.005790678	300
obs_pCdc25	Cb_low	0	0
obs_pCdc25	Cb_low	0.044275065	10
obs_pCdc25	Cb_low	0.048214294	20
obs_pCdc25	Cb_low	0.051972267	30
obs_pCdc25	Cb_low	0.055333531	40
obs_pCdc25	Cb_low	0.058366809	50
obs_pCdc25	Cb_low	0.061138592	60
obs_pCdc25	Cb_low	0.063709464	70
obs_pCdc25	Cb_low	0.066134008	80
obs_pCdc25	Cb_low	0.068462124	90
obs_pCdc25	Cb_low	0.07074125	100
obs_pCdc25	Cb_low	0.073019024	110
obs_pCdc25	Cb_low	0.075346874	120
obs_pCdc25	Cb_low	0.077784584	130
obs_pCdc25	Cb_low	0.080407617	140
obs_pCdc25	Cb_low	0.083318569	150
obs_pCdc25	Cb_low	0.086667796	160
obs_pCdc25	Cb_low	0.090693425	170
obs_pCdc25	Cb_low	0.095807149	180
obs_pCdc25	Cb_low	0.102801209	190
obs_pCdc25	Cb_low	0.113443753	200
obs_pCdc25	Cb_low	0.132679566	210
obs_pCdc25	Cb_low	0.181169886	220
obs_pCdc25	Cb_low	0.464775385	230
obs_pCdc25	Cb_low	0.980718408	240
obs_pCdc25	Cb_low	0.991703131	250
obs_pCdc25	Cb_low	0.99327308	260
obs_pCdc25	Cb_low	0.993825116	270
obs_pCdc25	Cb_low	0.994056832	280
obs_pCdc25	Cb_low	0.994161029	290
obs_pCdc25	Cb_low	0.994209322	300
obs_B55	Cb_low	0.275	0
obs_B55	Cb_low	0.226637348	10
obs_B55	Cb_low	0.211738041	20
obs_B55	Cb_low	0.200495967	30
obs_B55	Cb_low	0.191701033	40
obs_B55	Cb_low	0.184602967	50
obs_B55	Cb_low	0.178705247	60
obs_B55	Cb_low	0.173669131	70
obs_B55	Cb_low	0.169255969	80
obs_B55	Cb_low	0.165291471	90
obs_B55	Cb_low	0.161642883	100
obs_B55	Cb_low	0.158203701	110
obs_B55	Cb_low	0.154882684	120
obs_B55	Cb_low	0.151595027	130
obs_B55	Cb_low	0.148253956	140
obs_B55	Cb_low	0.144760942	150
obs_B55	Cb_low	0.140991794	160
obs_B55	Cb_low	0.136773589	170
obs_B55	Cb_low	0.131840707	180
obs_B55	Cb_low	0.125740852	190
obs_B55	Cb_low	0.117601161	200
obs_B55	Cb_low	0.105416671	210
obs_B55	Cb_low	0.083084265	220
obs_B55	Cb_low	0.02349262	230
obs_B55	Cb_low	0.00110012	240
obs_B55	Cb_low	0.000646792	250
obs_B55	Cb_low	0.000540019	260
obs_B55	Cb_low	0.000500624	270
obs_B55	Cb_low	0.000483819	280
obs_B55	Cb_low	0.000476211	290
obs_B55	Cb_low	0.000472673	300
obs_pCb	Cb_low	0	0
obs_pCb	Cb_low	0.654280275	10
obs_pCb	Cb_low	0.652073632	20
obs_pCb	Cb_low	0.649703145	30
obs_pCb	Cb_low	0.647582529	40
obs_pCb	Cb_low	0.64566969	50
obs_pCb	Cb_low	0.643923104	60
obs_pCb	Cb_low	0.642304732	70
obs_pCb	Cb_low	0.640780254	80
obs_pCb	Cb_low	0.639318322	90
obs_pCb	Cb_low	0.637889217	100
obs_pCb	Cb_low	0.636463182	110
obs_pCb	Cb_low	0.635008362	120
obs_pCb	Cb_low	0.633487751	130
obs_pCb	Cb_low	0.631855118	140
obs_pCb	Cb_low	0.630047874	150
obs_pCb	Cb_low	0.627974736	160
obs_pCb	Cb_low	0.625492139	170
obs_pCb	Cb_low	0.622353557	180
obs_pCb	Cb_low	0.618089059	190
obs_pCb	Cb_low	0.611663261	200
obs_pCb	Cb_low	0.600239145	210
obs_pCb	Cb_low	0.572398948	220
obs_pCb	Cb_low	0.421262197	230
obs_pCb	Cb_low	0.027287282	240
obs_pCb	Cb_low	0.013755369	250
obs_pCb	Cb_low	0.012432573	260
obs_pCb	Cb_low	0.011985714	270
obs_pCb	Cb_low	0.011800459	280
obs_pCb	Cb_low	0.011717582	290
obs_pCb	Cb_low	0.011679259	300
obs_Cb	pGw_weak	1.6	0
obs_Cb	pGw_weak	0.209018502	10
obs_Cb	pGw_weak	0.213971834	20
obs_Cb	pGw_weak	0.21936011	30
obs_Cb	pGw_weak	0.224154486	40
obs_Cb	pGw_weak	0.228450624	50
obs_Cb	pGw_weak	0.23234241	60
obs_Cb	pGw_weak	0.235914676	70
obs_Cb	pGw_weak	0.23924224	80
obs_Cb	pGw_weak	0.242391396	90
obs_Cb	pGw_weak	0.245422078	100
obs_Cb	pGw_weak	0.248390834	110
obs_Cb	pGw_weak	0.251353808	120
obs_Cb	pGw_weak	0.254370566	130
obs_Cb	pGw_weak	0.257508866	140
obs_Cb	pGw_weak	0.260851548	150
obs_Cb	pGw_weak	0.2645071	160
obs_Cb	pGw_weak	0.26862746	170
obs_Cb	pGw_weak	0.273440042	180
obs_Cb	pGw_weak	0.279310816	190
obs_Cb	pGw_weak	0.286880378	200
obs_Cb	pGw_weak	0.297397554	210
obs_Cb	pGw_weak	0.313692368	220
obs_Cb	pGw_weak	0.343853908	230
obs_Cb	pGw_weak	0.423025576	240
obs_Cb	pGw_weak	0.911632192	250
obs_Cb	pGw_weak	1.556712276	260
obs_Cb	pGw_weak	1.571346986	270
obs_Cb	pGw_weak	1.573796744	280
obs_Cb	pGw_weak	1.574706276	290
obs_Cb	pGw_weak	1.575108268	300
obs_Gw	pGw_weak	1	0
obs_Gw	pGw_weak	0.957042596	10
obs_Gw	pGw_weak	0.953590144	20
obs_Gw	pGw_weak	0.950296292	30
obs_Gw	pGw_weak	0.947385029	40
obs_Gw	pGw_weak	0.944789204	50
obs_Gw	pGw_weak	0.942446672	60
obs_Gw	pGw_weak	0.940302891	70
obs_Gw	pGw_weak	0.938310701	80
obs_Gw	pGw_weak	0.936428936	90
obs_Gw	pGw_weak	0.934620777	100
obs_Gw	pGw_weak	0.932851836	110
obs_Gw	pGw_weak	0.931088193	120
obs_Gw	pGw_weak	0.929294089	130
obs_Gw	pGw_weak	0.927429015	140
obs_Gw	pGw_weak	0.925443527	150
obs_Gw	pGw_weak	0.923273005	160
obs_Gw	pGw_weak	0.92082696	170
obs_Gw	pGw_weak	0.917969792	180
obs_Gw	pGw_weak	0.914483037	190
obs_Gw	pGw_weak	0.909983174	200
obs_Gw	pGw_weak	0.903719419	210
obs_Gw	pGw_weak	0.893979075	220
obs_Gw	pGw_weak	0.875808647	230
obs_Gw	pGw_weak	0.827181443	240
obs_Gw	pGw_weak	0.525658216	250
obs_Gw	pGw_weak	0.251824754	260
obs_Gw	pGw_weak	0.245960597	270
obs_Gw	pGw_weak	0.244871662	280
obs_Gw	pGw_weak	0.244459392	290
obs_Gw	pGw_weak	0.244275785	300
obs_pEnsa	pGw_weak	0	0
obs_pEnsa	pGw_weak	0.000337224	10
obs_pEnsa	pGw_weak	0.000390229	20
obs_pEnsa	pGw_weak	0.000440315	30
obs_pEnsa	pGw_weak	0.000485748	40
obs_pEnsa	pGw_weak	0.000527161	50
obs_pEnsa	pGw_weak	0.000565252	60
obs_pEnsa	pGw_weak	0.000600702	70
obs_pEnsa	pGw_weak	0.000634149	80
obs_pEnsa	pGw_weak	0.000666185	90
obs_pEnsa	pGw_weak	0.000697371	100
obs_pEnsa	pGw_weak	0.000728265	110
obs_pEnsa	pGw_weak	0.000759442	120
obs_pEnsa	pGw_weak	0.000791545	130
obs_pEnsa	pGw_weak	0.000825333	140
obs_pEnsa	pGw_weak	0.000861768	150
obs_pEnsa	pGw_weak	0.00090215	160
obs_pEnsa	pGw_weak	0.000948354	170
obs_pEnsa	pGw_weak	0.001003265	180
obs_pEnsa	pGw_weak	0.001071662	190
obs_pEnsa	pGw_weak	0.001162218	200
obs_pEnsa	pGw_weak	0.00129265	210
obs_pEnsa	pGw_weak	0.001505922	220
obs_pEnsa	pGw_weak	0.001939766	230
obs_pEnsa	pGw_weak	0.003365343	240
obs_pEnsa	pGw_weak	0.031198271	250
obs_pEnsa	pGw_weak	0.263306163	260
obs_pEnsa	pGw_weak	0.412285903	270
obs_pEnsa	pGw_weak	0.488454059	280
obs_pEnsa	pGw_weak	0.527163893	290
obs_pEnsa	pGw_weak	0.546808626	300
obs_pWee	pGw_weak	0	0
obs_pWee	pGw_weak	0.047864807	10
obs_pWee	pGw_weak	0.052040022	20
obs_pWee	pGw_weak	0.056039849	30
obs_pWee	pGw_weak	0.059597582	40
obs_pWee	pGw_weak	0.062786567	50
obs_pWee	pGw_weak	0.065677193	60
obs_pWee	pGw_weak	0.068332709	70
obs_pWee	pGw_weak	0.070808763	80
obs_pWee	pGw_weak	0.073154637	90
obs_pWee	pGw_weak	0.07541498	100
obs_pWee	pGw_weak	0.077632	110
obs_pWee	pGw_weak	0.079847805	120
obs_pWee	pGw_weak	0.082107257	130
obs_pWee	pGw_weak	0.084461651	140
obs_pWee	pGw_weak	0.086974068	150
obs_pWee	pGw_weak	0.089727476	160
obs_pWee	pGw_weak	0.092838659	170
obs_pWee	pGw_weak	0.09648338	180
obs_pWee	pGw_weak	0.100946005	190
obs_pWee	pGw_weak	0.106727948	200
obs_pWee	pGw_weak	0.114815898	210
obs_pWee	pGw_weak	0.127475861	220
obs_pWee	pGw_weak	0.151325526	230
obs_pWee	pGw_weak	0.216283157	240
obs_pWee	pGw_weak	0.634956236	250
obs_pWee	pGw_weak	0.985652114	260
obs_pWee	pGw_weak	0.992084303	270
obs_pWee	pGw_weak	0.993470264	280
obs_pWee	pGw_weak	0.994000985	290
obs_pWee	pGw_weak	0.994238204	300
obs_Cdc25	pGw_weak	1	0
obs_Cdc25	pGw_weak	0.952135193	10
obs_Cdc25	pGw_weak	0.947959978	20
obs_Cdc25	pGw_weak	0.943960151	30
obs_Cdc25	pGw_weak	0.940402418	40
obs_Cdc25	pGw_weak	0.937213433	50
obs_Cdc25	pGw_weak	0.934322807	60
obs_Cdc25	pGw_weak	0.931667291	70
obs_Cdc25	pGw_weak	0.929191237	80
obs_Cdc25	pGw_weak	0.926845363	90
obs_Cdc25	pGw_weak	0.92458502	100
obs_Cdc25	pGw_weak	0.922368	110
obs_Cdc25	pGw_weak	0.920152195	120
obs_Cdc25	pGw_weak	0.917892743	130
obs_Cdc25	pGw_weak	0.915538349	140
obs_Cdc25	pGw_weak	0.913025932	150
obs_Cdc25	pGw_weak	0.910272524	160
obs_Cdc25	pGw_weak	0.907161341	170
obs_Cdc25	pGw_weak	0.90351662	180
obs_Cdc25	pGw_weak	0.899053995	190
obs_Cdc25	pGw_weak	0.893272052	200
obs_Cdc25	pGw_weak	0.885184102	210
obs_Cdc25	pGw_weak	0.872524139	220
obs_Cdc25	pGw_weak	0.848674474	230
obs_Cdc25	pGw_weak	0.783716843	240
obs_Cdc25	pGw_weak	0.365043764	250
obs_Cdc25	pGw_weak	0.014347886	260
obs_Cdc25	pGw_weak	0.007915697	270
obs_Cdc25	pGw_weak	0.006529736	280
obs_Cdc25	pGw_weak	0.005999015	290
obs_Cdc25	pGw_weak	0.005761796	300
obs_Ensa	pGw_weak	1	0
obs_Ensa	pGw_weak	0.957012169	10
obs_Ensa	pGw_weak	0.943679952	20
obs_Ensa	pGw_weak	0.933637484	30
obs_Ensa	pGw_weak	0.925799248	40
obs_Ensa	pGw_weak	0.919494279	50
obs_Ensa	pGw_weak	0.914279014	60
obs_Ensa	pGw_weak	0.909851427	70
obs_Ensa	pGw_weak	0.905999823	80
obs_Ensa	pGw_weak	0.90257097	90
obs_Ensa	pGw_weak	0.899450015	100
obs_Ensa	pGw_weak	0.896547286	110
obs_Ensa	pGw_weak	0.893789194	120
obs_Ensa	pGw_weak	0.891111504	130
obs_Ensa	pGw_weak	0.888453802	140
obs_Ensa	pGw_weak	0.885754157	150
obs_Ensa	pGw_weak	0.882942991	160
obs_Ensa	pGw_weak	0.879934636	170
obs_Ensa	pGw_weak	0.876614017	180
obs_Ensa	pGw_weak	0.872812983	190
obs_Ensa	pGw_weak	0.868263409	200
obs_Ensa	pGw_weak	0.862493616	210
obs_Ensa	pGw_weak	0.854559882	220
obs_Ensa	pGw_weak	0.842181835	230
obs_Ensa	pGw_weak	0.817706747	240
obs_Ensa	pGw_weak	0.729727121	250
obs_Ensa	pGw_weak	0.487641307	260
obs_Ensa	pGw_weak	0.338317541	270
obs_Ensa	pGw_weak	0.262055125	280
obs_Ensa	pGw_weak	0.223307867	290
obs_Ensa	pGw_weak	0.203646176	300
obs_pGw	pGw_weak	0	0
obs_pGw	pGw_weak	0.042957404	10
obs_pGw	pGw_weak	0.046409856	20
obs_pGw	pGw_weak	0.049703708	30
obs_pGw	pGw_weak	0.052614971	40
obs_pGw	pGw_weak	0.055210796	50
obs_pGw	pGw_weak	0.057553328	60
obs_pGw	pGw_weak	0.059697109	70
obs_pGw	pGw_weak	0.061689299	80
obs_pGw	pGw_weak	0.063571064	90
obs_pGw	pGw_weak	0.065379223	100
obs_pGw	pGw_weak	0.067148164	110
obs_pGw	pGw_weak	0.068911807	120
obs_pGw	pGw_weak	0.070705911	130
obs_pGw	pGw_weak	0.072570985	140
obs_pGw	pGw_weak	0.074556473	150
obs_pGw	pGw_weak	0.076726995	160
obs_pGw	pGw_weak	0.07917304	170
obs_pGw	pGw_weak	0.082030208	180
obs_pGw	pGw_weak	0.085516963	190
obs_pGw	pGw_weak	0.090016826	200
obs_pGw	pGw_weak	0.096280581	210
obs_pGw	pGw_weak	0.106020925	220
obs_pGw	pGw_weak	0.124191353	230
obs_pGw	pGw_weak	0.172818557	240
obs_pGw	pGw_weak	0.474341784	250
obs_pGw	pGw_weak	0.748175246	260
obs_pGw	pGw_weak	0.754039403	270
obs_pGw	pGw_weak	0.755128338	280
obs_pGw	pGw_weak	0.755540608	290
obs_pGw	pGw_weak	0.755724215	300
obs_pEB55	pGw_weak	0	0
obs_pEB55	pGw_weak	0.042650608	10
obs_pEB55	pGw_weak	0.055929819	20
obs_pEB55	pGw_weak	0.065922201	30
obs_pEB55	pGw_weak	0.073715005	40
obs_pEB55	pGw_weak	0.079978561	50
obs_pEB55	pGw_weak	0.085155735	60
obs_pEB55	pGw_weak	0.089547871	70
obs_pEB55	pGw_weak	0.093366028	80
obs_pEB55	pGw_weak	0.096762845	90
obs_pEB55	pGw_weak	0.099852613	100
obs_pEB55	pGw_weak	0.10272445	110
obs_pEB55	pGw_weak	0.105451364	120
obs_pEB55	pGw_weak	0.108096951	130
obs_pEB55	pGw_weak	0.110720865	140
obs_pEB55	pGw_weak	0.113384075	150
obs_pEB55	pGw_weak	0.116154859	160
obs_pEB55	pGw_weak	0.11911701	170
obs_pEB55	pGw_weak	0.122382718	180
obs_pEB55	pGw_weak	0.126115356	190
obs_pEB55	pGw_weak	0.130574373	200
obs_pEB55	pGw_weak	0.136213734	210
obs_pEB55	pGw_weak	0.143934196	220
obs_pEB55	pGw_weak	0.155878399	230
obs_pEB55	pGw_weak	0.17892791	240
obs_pEB55	pGw_weak	0.239074608	250
obs_pEB55	pGw_weak	0.249052529	260
obs_pEB55	pGw_weak	0.249396557	270
obs_pEB55	pGw_weak	0.249490816	280
obs_pEB55	pGw_weak	0.249528239	290
obs_pEB55	pGw_weak	0.249545198	300
obs_Wee	pGw_weak	1	0
obs_Wee	pGw_weak	0.952135193	10
obs_Wee	pGw_weak	0.947959978	20
obs_Wee	pGw_weak	0.943960151	30
obs_Wee	pGw_weak	0.940402418	40
obs_Wee	pGw_weak	0.937213433	50
obs_Wee	pGw_weak	0.934322807	60
obs_Wee	pGw_weak	0.931667291	70
obs_Wee	pGw_weak	0.929191237	80
obs_Wee	pGw_weak	0.926845363	90
obs_Wee	pGw_weak	0.92458502	100
obs_Wee	pGw_weak	0.922368	110
obs_Wee	pGw_weak	0.920152195	120
obs_Wee	pGw_weak	0.917892743	130
obs_Wee	pGw_weak	0.915538349	140
obs_Wee	pGw_weak	0.913025932	150
obs_Wee	pGw_weak	0.910272524	160
obs_Wee	pGw_weak	0.907161341	170
obs_Wee	pGw_weak	0.90351662	180
obs_Wee	pGw_weak	0.899053995	190
obs_Wee	pGw_weak	0.893272052	200
obs_Wee	pGw_weak	0.885184102	210
obs_Wee	pGw_weak	0.872524139	220
obs_Wee	pGw_weak	0.848674474	230
obs_Wee	pGw_weak	0.783716843	240
obs_Wee	pGw_weak	0.365043764	250
obs_Wee	pGw_weak	0.014347886	260
obs_Wee	pGw_weak	0.007915697	270
obs_Wee	pGw_weak	0.006529736	280
obs_Wee	pGw_weak	0.005999015	290
obs_Wee	pGw_weak	0.005761796	300
obs_pCdc25	pGw_weak	0	0
obs_pCdc25	pGw_weak	0.047864807	10
obs_pCdc25	pGw_weak	0.052040022	20
obs_pCdc25	pGw_weak	0.056039849	30
obs_pCdc25	pGw_weak	0.059597582	40
obs_pCdc25	pGw_weak	0.062786567	50
obs_pCdc25	pGw_weak	0.065677193	60
obs_pCdc25	pGw_weak	0.068332709	70
obs_pCdc25	pGw_weak	0.070808763	80
obs_pCdc25	pGw_weak	0.073154637	90
obs_pCdc25	pGw_weak	0.07541498	100
obs_pCdc25	pGw_weak	0.077632	110
obs_pCdc25	pGw_weak	0.079847805	120
obs_pCdc25	pGw_weak	0.082107257	130
obs_pCdc25	pGw_weak	0.084461651	140
obs_pCdc25	pGw_weak	0.086974068	150
obs_pCdc25	pGw_weak	0.089727476	160
obs_pCdc25	pGw_weak	0.092838659	170
obs_pCdc25	pGw_weak	0.09648338	180
obs_pCdc25	pGw_weak	0.100946005	190
obs_pCdc25	pGw_weak	0.106727948	200
obs_pCdc25	pGw_weak	0.114815898	210
obs_pCdc25	pGw_weak	0.127475861	220
obs_pCdc25	pGw_weak	0.151325526	230
obs_pCdc25	pGw_weak	0.216283157	240
obs_pCdc25	pGw_weak	0.634956236	250
obs_pCdc25	pGw_weak	0.985652114	260
obs_pCdc25	pGw_weak	0.992084303	270
obs_pCdc25	pGw_weak	0.993470264	280
obs_pCdc25	pGw_weak	0.994000985	290
obs_pCdc25	pGw_weak	0.994238204	300
obs_B55	pGw_weak	0.25	0
obs_B55	pGw_weak	0.207349392	10
obs_B55	pGw_weak	0.194070181	20
obs_B55	pGw_weak	0.184077799	30
obs_B55	pGw_weak	0.176284995	40
obs_B55	pGw_weak	0.170021439	50
obs_B55	pGw_weak	0.164844265	60
obs_B55	pGw_weak	0.160452129	70
obs_B55	pGw_weak	0.156633972	80
obs_B55	pGw_weak	0.153237155	90
obs_B55	pGw_weak	0.150147387	100
obs_B55	pGw_weak	0.14727555	110
obs_B55	pGw_weak	0.144548636	120
obs_B55	pGw_weak	0.141903049	130
obs_B55	pGw_weak	0.139279135	140
obs_B55	pGw_weak	0.136615925	150
obs_B55	pGw_weak	0.133845141	160
obs_B55	pGw_weak	0.13088299	170
obs_B55	pGw_weak	0.127617282	180
obs_B55	pGw_weak	0.123884644	190
obs_B55	pGw_weak	0.119425627	200
obs_B55	pGw_weak	0.113786266	210
obs_B55	pGw_weak	0.106065804	220
obs_B55	pGw_weak	0.094121601	230
obs_B55	pGw_weak	0.07107209	240
obs_B55	pGw_weak	0.010925392	250
obs_B55	pGw_weak	0.000947471	260
obs_B55	pGw_weak	0.000603443	270
obs_B55	pGw_weak	0.000509184	280
obs_B55	pGw_weak	0.000471761	290
obs_B55	pGw_weak	0.000454802	300
obs_pCb	pGw_weak	0	0
obs_pCb	pGw_weak	0.695490749	10
obs_pCb	pGw_weak	0.693014083	20
obs_pCb	pGw_weak	0.690319945	30
obs_pCb	pGw_weak	0.687922757	40
obs_pCb	pGw_weak	0.685774688	50
obs_pCb	pGw_weak	0.683828795	60
obs_pCb	pGw_weak	0.682042662	70
obs_pCb	pGw_weak	0.68037888	80
obs_pCb	pGw_weak	0.678804302	90
obs_pCb	pGw_weak	0.677288961	100
obs_pCb	pGw_weak	0.675804583	110
obs_pCb	pGw_weak	0.674323096	120
obs_pCb	pGw_weak	0.672814717	130
obs_pCb	pGw_weak	0.671245567	140
obs_pCb	pGw_weak	0.669574226	150
obs_pCb	pGw_weak	0.66774645	160
obs_pCb	pGw_weak	0.66568627	170
obs_pCb	pGw_weak	0.663279979	180
obs_pCb	pGw_weak	0.660344592	190
obs_pCb	pGw_weak	0.656559811	200
obs_pCb	pGw_weak	0.651301223	210
obs_pCb	pGw_weak	0.643153816	220
obs_pCb	pGw_weak	0.628073046	230
obs_pCb	pGw_weak	0.588487212	240
obs_pCb	pGw_weak	0.344183904	250
obs_pCb	pGw_weak	0.021643862	260
obs_pCb	pGw_weak	0.014326507	270
obs_pCb	pGw_weak	0.013101628	280
obs_pCb	pGw_weak	0.012646862	290
obs_pCb	pGw_weak	0.012445866	300
